{"cameraMode":{"drawMode":0,"name":"Shaded","section":"Shading Mode"},"sceneLighting":true,"audioPlay":false,"sceneViewState":{"m_AlwaysRefresh":false,"showFog":true,"showSkybox":true,"showFlares":true,"showImageEffects":true,"showParticleSystems":true,"showVisualEffectGraphs":true,"m_FxEnabled":true},"in2DMode":false,"pivot":{"x":0.138179749250412,"y":0.43953895568847659,"z":2.9996023178100588},"rotation":{"x":-0.10681472718715668,"y":0.8574841618537903,"z":-0.19789057970046998,"w":-0.4628288149833679},"size":2.9481406211853029,"orthographic":false}